{
  "orders": 0.8018043676567352,
  "items": 0.7724167672674562,
  "packages": 0.7001970840605023,
  "customers": 0.7224756233918678,
  "products": 0.722785613519464
}