{
    "filename": "neo4j_bpi14",
    "method": "mmr-interacting_entities",
    "selected_views": [
        {
            "object_type": "ConfigurationItem___ServiceComponent",
            "num_process_executions": 2142,
            "num_edges": 31214,
            "score info": {
                "sim_score": 0.19772006849864987,
                "mmr_score": 0.19772006849864987,
                "max_sim_to_prev": null,
                "min_sim_to_prev": null,
                "avg_sim_to_prev": null
            },
            "time": 980.33034491539,
            "position": 0,
            "num_of_events_total-dupl": 870586,
            "avg_num_of_events_per_trace": 406.43603515625
        },
        {
            "object_type": "Incident___Interaction",
            "num_process_executions": 768,
            "num_edges": 8559,
            "score info": {
                "sim_score": 0.1566743437360559,
                "mmr_score": 0.07833717186802795,
                "max_sim_to_prev": 0.0,
                "min_sim_to_prev": 0.0,
                "avg_sim_to_prev": 0.0
            },
            "time": 980.330365896225,
            "position": 1,
            "num_of_events_total-dupl": 10990,
            "avg_num_of_events_per_trace": 14.309895515441895
        },
        {
            "object_type": "ConfigurationItem___ConfigurationItem",
            "num_process_executions": 113735,
            "num_edges": 193181,
            "score info": {
                "sim_score": 0.09888149993466393,
                "mmr_score": 0.04409567734160955,
                "max_sim_to_prev": 0.01069014525144482,
                "min_sim_to_prev": 0.0,
                "avg_sim_to_prev": 0.00534507262572241
            },
            "time": 980.3303837776184,
            "position": 2,
            "num_of_events_total-dupl": 840409,
            "avg_num_of_events_per_trace": 7.389185428619385
        },
        {
            "object_type": "Case_R",
            "num_process_executions": 128,
            "num_edges": 16929,
            "score info": {
                "sim_score": 0.09100106591398592,
                "mmr_score": 0.028481153352619384,
                "max_sim_to_prev": 0.03403875920874715,
                "min_sim_to_prev": 0.0,
                "avg_sim_to_prev": 0.011346253069582384
            },
            "time": 980.3304026126862,
            "position": 3,
            "num_of_events_total-dupl": 17057,
            "avg_num_of_events_per_trace": 133.2578125
        },
        {
            "object_type": "Change",
            "num_process_executions": 284,
            "num_edges": 292,
            "score info": {
                "sim_score": 0.09019423860478748,
                "mmr_score": 0.02168914806392101,
                "max_sim_to_prev": 0.04681594247694546,
                "min_sim_to_prev": 0.0,
                "avg_sim_to_prev": 0.011996053596200245
            },
            "time": 980.3304209709167,
            "position": 4,
            "num_of_events_total-dupl": 576,
            "avg_num_of_events_per_trace": 2.0281689167022705
        },
        {
            "object_type": "Interaction",
            "num_process_executions": 22900,
            "num_edges": 16640,
            "score info": {
                "sim_score": 0.09500186093676423,
                "mmr_score": 0.021583896418744492,
                "max_sim_to_prev": 0.051834068099275245,
                "min_sim_to_prev": 0.0,
                "avg_sim_to_prev": 0.010707994908360855
            },
            "time": 980.3304398059845,
            "position": 5,
            "num_of_events_total-dupl": 39540,
            "avg_num_of_events_per_trace": 1.726637601852417
        },
        {
            "object_type": "KM",
            "num_process_executions": 1551,
            "num_edges": 37989,
            "score info": {
                "sim_score": 0.12425882066818143,
                "mmr_score": 0.012969707182908859,
                "max_sim_to_prev": 0.09831940630236372,
                "min_sim_to_prev": 0.0,
                "avg_sim_to_prev": 0.03508147624271358
            },
            "time": 980.3304588794708,
            "position": 6,
            "num_of_events_total-dupl": 39540,
            "avg_num_of_events_per_trace": 25.49323081970215
        },
        {
            "object_type": "Interaction___Interaction",
            "num_process_executions": 518,
            "num_edges": 970,
            "score info": {
                "sim_score": 0.09586521628751044,
                "mmr_score": 0.0009748197206213075,
                "max_sim_to_prev": 0.09391557684626782,
                "min_sim_to_prev": 0.0,
                "avg_sim_to_prev": 0.015563067663766307
            },
            "time": 980.3304767608643,
            "position": 7,
            "num_of_events_total-dupl": 1597,
            "avg_num_of_events_per_trace": 3.0830116271972656
        },
        {
            "object_type": "ConfigurationItem",
            "num_process_executions": 1658,
            "num_edges": 21401,
            "score info": {
                "sim_score": 0.12574877239397203,
                "mmr_score": -0.012202311333644314,
                "max_sim_to_prev": 0.15015339506126066,
                "min_sim_to_prev": 0.0,
                "avg_sim_to_prev": 0.046305637654549994
            },
            "time": 980.3304927349091,
            "position": 8,
            "num_of_events_total-dupl": 23059,
            "avg_num_of_events_per_trace": 13.907720565795898
        },
        {
            "object_type": "ServiceComponent___ServiceComponent",
            "num_process_executions": 5,
            "num_edges": 7113,
            "score info": {
                "sim_score": 0.09952583378735202,
                "mmr_score": -0.03235289041562779,
                "max_sim_to_prev": 0.1642316146186076,
                "min_sim_to_prev": 0.0,
                "avg_sim_to_prev": 0.01874072244268671
            },
            "time": 980.3305077552795,
            "position": 9,
            "num_of_events_total-dupl": 7118,
            "avg_num_of_events_per_trace": 1423.5999755859375
        },
        {
            "object_type": "Incident",
            "num_process_executions": 1147,
            "num_edges": 15910,
            "score info": {
                "sim_score": 0.15598263398712575,
                "mmr_score": -0.22300084019444544,
                "max_sim_to_prev": 0.6019843143760166,
                "min_sim_to_prev": 0.0,
                "avg_sim_to_prev": 0.08717916078455092
            },
            "time": 980.3305180072784,
            "position": 10,
            "num_of_events_total-dupl": 17057,
            "avg_num_of_events_per_trace": 14.870967864990234
        },
        {
            "object_type": "ServiceComponent",
            "num_process_executions": 237,
            "num_edges": 22822,
            "score info": {
                "sim_score": 0.1847565821564602,
                "mmr_score": -0.3874610200930505,
                "max_sim_to_prev": 0.9596786223425612,
                "min_sim_to_prev": 0.0,
                "avg_sim_to_prev": 0.11064354417068388
            },
            "time": 980.3305258750916,
            "position": 11,
            "num_of_events_total-dupl": 23059,
            "avg_num_of_events_per_trace": 97.29535675048828
        }
    ],
    "runtimes": {
        "index_computation_time": 979,
        "score_computation_time": 2,
        "view_selection_time": 0,
        "run_time": 980
    }
}