{"Incident": 0.15598263398712575, "Interaction": 0.09500186093676423, "ConfigurationItem": 0.12574877239397203, "ServiceComponent": 0.1847565821564602, "Change": 0.09019423860478748, "Case_R": 0.09100106591398592, "KM": 0.12425882066818143, "Incident___Interaction": 0.1566743437360559, "ConfigurationItem___ServiceComponent": 0.19772006849864987, "Interaction___Interaction": 0.09586521628751044, "ConfigurationItem___ConfigurationItem": 0.09888149993466393, "ServiceComponent___ServiceComponent": 0.09952583378735202}