{"Incident": 0.15678755044865847, "Interaction": 0.09513056488927947, "ConfigurationItem": 0.12583183579550572, "ServiceComponent": 0.1855682041828178, "Change": 0.09025414763383993, "Case_R": 0.09098103617209341, "KM": 0.12440670107918095, "Incident___Interaction": 0.15698645230373917, "ConfigurationItem___ServiceComponent": 0.19769173277257626, "Interaction___Interaction": 0.09729480076037332, "ConfigurationItem___ConfigurationItem": 0.09864429320665909, "ServiceComponent___ServiceComponent": 0.10063329442420225}