{"ConfigurationItem": 0.6996816352049205, "ServiceComponent": 0.595986426037115, "Incident": 0.6646993774586737, "Interaction": 0.700789391063038, "Change": 0.547091191921971, "Case_R": 0.41023800284501044, "KM": 0.6810072963162622}